rank,file,t_sec,score,U,A,D,n_boxes,n_ambiguous,empty,selected
1,frame_0070.jpg,28.0,0.6589,0.5178,0.6667,1.0,5,4,False,True
2,frame_0376.jpg,150.4,0.6564,0.6489,1.0,0.16,7,6,False,True
3,frame_0069.jpg,27.6,0.6403,0.4806,0.6667,1.0,4,4,False,False
4,frame_0375.jpg,150.0,0.6,0.62,0.8333,0.2,8,5,False,False
5,frame_0074.jpg,29.6,0.5976,0.3952,0.6667,1.0,7,4,False,False
6,frame_0130.jpg,52.0,0.5776,0.4871,0.5,0.92,3,3,False,True
7,frame_0073.jpg,29.2,0.5737,0.4474,0.5,1.0,6,3,False,False
8,frame_0328.jpg,131.2,0.5711,0.5101,1.0,0.08,9,6,False,True
9,frame_0289.jpg,115.6,0.5701,0.5362,0.5,0.76,3,3,False,True
10,frame_0013.jpg,5.2,0.5674,0.4347,0.5,1.0,4,3,False,True
11,frame_0288.jpg,115.2,0.564,0.44,0.6667,0.72,5,4,False,False
12,frame_0001.jpg,0.4,0.5574,0.4148,0.5,1.0,4,3,False,True
13,frame_0019.jpg,7.6,0.551,0.602,0.1667,1.0,1,1,False,True
14,frame_0129.jpg,51.6,0.5471,0.5423,0.3333,0.88,5,2,False,False
15,frame_0284.jpg,113.6,0.5455,0.567,0.5,0.56,5,3,False,True
16,frame_0126.jpg,50.4,0.5439,0.4838,0.5,0.76,6,3,False,False
17,frame_0024.jpg,9.6,0.5432,0.5864,0.1667,1.0,1,1,False,True
18,frame_0127.jpg,50.8,0.5362,0.3524,0.6667,0.8,6,4,False,False
19,frame_0173.jpg,69.2,0.5341,0.5242,0.6667,0.36,5,4,False,True
20,frame_0167.jpg,66.8,0.5278,0.4156,0.6667,0.6,5,4,False,True
21,frame_0285.jpg,114.0,0.5277,0.5154,0.5,0.6,4,3,False,False
22,frame_0023.jpg,9.2,0.5253,0.5506,0.1667,1.0,1,1,False,False
23,frame_0028.jpg,11.2,0.5125,0.425,0.3333,1.0,3,2,False,False
24,frame_0031.jpg,12.4,0.5122,0.4244,0.3333,1.0,7,2,False,False
25,frame_0087.jpg,34.8,0.5114,0.6309,0.3333,0.48,2,2,False,False
26,frame_0291.jpg,116.4,0.5081,0.3801,0.5,0.84,6,3,False,False
27,frame_0282.jpg,112.8,0.5068,0.5216,0.5,0.48,3,3,False,False
28,frame_0293.jpg,117.2,0.5064,0.3087,0.6667,0.76,6,4,False,False
29,frame_0297.jpg,118.8,0.5014,0.4629,0.5,0.6,4,3,False,False
30,frame_0067.jpg,26.8,0.4973,0.2946,0.5,1.0,6,3,False,False
31,frame_0008.jpg,3.2,0.4921,0.3842,0.3333,1.0,2,2,False,False
32,frame_0122.jpg,48.8,0.492,0.444,0.5,0.6,4,3,False,False
33,frame_0003.jpg,1.2,0.4918,0.3836,0.3333,1.0,3,2,False,False
34,frame_0128.jpg,51.2,0.4868,0.3376,0.5,0.84,7,3,False,False
35,frame_0075.jpg,30.0,0.4782,0.3724,0.3333,0.96,6,2,False,False
36,frame_0071.jpg,28.4,0.4757,0.3514,0.3333,1.0,7,2,False,False
37,frame_0121.jpg,48.4,0.4736,0.4231,0.5,0.56,4,3,False,False
38,frame_0229.jpg,91.6,0.4722,0.4124,0.8333,0.08,8,5,False,False
39,frame_0209.jpg,83.6,0.4691,0.4502,0.3333,0.72,3,2,False,False
40,frame_0387.jpg,154.8,0.468,0.556,0.5,0.2,8,3,False,False
41,frame_0007.jpg,2.8,0.4662,0.3325,0.3333,1.0,4,2,False,False
42,frame_0004.jpg,1.6,0.4649,0.3298,0.3333,1.0,6,2,False,False
43,frame_0294.jpg,117.6,0.4648,0.4417,0.3333,0.72,3,2,False,False
44,frame_0033.jpg,13.2,0.4571,0.3142,0.3333,1.0,6,2,False,False
45,frame_0011.jpg,4.4,0.456,0.3121,0.3333,1.0,3,2,False,False
46,frame_0367.jpg,146.8,0.4526,0.4731,0.6667,0.08,6,4,False,False
47,frame_0029.jpg,11.6,0.4521,0.3042,0.3333,1.0,5,2,False,False
48,frame_0321.jpg,128.4,0.4509,0.4218,0.6667,0.2,7,4,False,False
49,frame_0072.jpg,28.8,0.4506,0.4011,0.1667,1.0,7,1,False,False
50,frame_0176.jpg,70.4,0.45,0.4039,0.6667,0.24,6,4,False,False
51,frame_0014.jpg,5.6,0.4491,0.2982,0.3333,1.0,3,2,False,False
52,frame_0131.jpg,52.4,0.4459,0.4077,0.1667,0.96,3,1,False,False
53,frame_0178.jpg,71.2,0.4424,0.4208,0.6667,0.16,5,4,False,False
54,frame_0133.jpg,53.2,0.4414,0.2828,0.3333,1.0,6,2,False,False
55,frame_0292.jpg,116.8,0.4407,0.3615,0.3333,0.8,5,2,False,False
56,frame_0278.jpg,111.2,0.4406,0.4532,0.5,0.32,5,3,False,False
57,frame_0000.jpg,0.0,0.4384,0.2768,0.3333,1.0,7,2,False,False
58,frame_0116.jpg,46.4,0.4339,0.4238,0.5,0.36,7,3,False,False
59,frame_0016.jpg,6.4,0.4336,0.2672,0.3333,1.0,3,2,False,False
60,frame_0077.jpg,30.8,0.4323,0.3127,0.3333,0.88,7,2,False,False
61,frame_0298.jpg,119.2,0.4301,0.4362,0.3333,0.56,5,2,False,False
62,frame_0017.jpg,6.8,0.4268,0.3535,0.1667,1.0,2,1,False,False
63,frame_0280.jpg,112.0,0.4258,0.3915,0.5,0.4,7,3,False,False
64,frame_0210.jpg,84.0,0.4243,0.5766,0.0,0.68,2,0,False,False
65,frame_0025.jpg,10.0,0.4227,0.3454,0.1667,1.0,2,1,False,False
66,frame_0006.jpg,2.4,0.4205,0.3409,0.1667,1.0,3,1,False,False
67,frame_0124.jpg,49.6,0.4203,0.3686,0.3333,0.68,3,2,False,False
68,frame_0111.jpg,44.4,0.419,0.5741,0.3333,0.16,3,2,False,False
69,frame_0177.jpg,70.8,0.4179,0.4558,0.5,0.2,5,3,False,False
70,frame_0032.jpg,12.8,0.4171,0.3341,0.1667,1.0,4,1,False,False
71,frame_0224.jpg,89.6,0.4167,0.4854,0.5,0.12,5,3,False,False
72,frame_0123.jpg,49.2,0.4159,0.3758,0.3333,0.64,5,2,False,False
73,frame_0030.jpg,12.0,0.4158,0.2316,0.3333,1.0,5,2,False,False
74,frame_0295.jpg,118.0,0.4157,0.3595,0.3333,0.68,3,2,False,False
75,frame_0333.jpg,133.2,0.4131,0.3942,0.6667,0.08,7,4,False,False
76,frame_0290.jpg,116.0,0.4123,0.3047,0.3333,0.8,6,2,False,False
77,frame_0114.jpg,45.6,0.4098,0.4077,0.5,0.28,5,3,False,False
78,frame_0168.jpg,67.2,0.4094,0.3948,0.3333,0.56,4,2,False,False
79,frame_0018.jpg,7.2,0.4061,0.3122,0.1667,1.0,4,1,False,False
80,frame_0078.jpg,31.2,0.4049,0.2739,0.3333,0.84,5,2,False,False
81,frame_0002.jpg,0.8,0.4042,0.3083,0.1667,1.0,3,1,False,False
82,frame_0377.jpg,150.8,0.4041,0.4602,0.5,0.12,9,3,False,False
83,frame_0198.jpg,79.2,0.4035,0.5309,0.1667,0.44,2,1,False,False
84,frame_0397.jpg,158.8,0.4032,0.4265,0.5,0.2,4,3,False,False
85,frame_0206.jpg,82.4,0.4025,0.301,0.3333,0.76,4,2,False,False
86,frame_0083.jpg,33.2,0.4007,0.3454,0.3333,0.64,3,2,False,False
87,frame_0076.jpg,30.4,0.4004,0.3328,0.1667,0.92,7,1,False,False
88,frame_0287.jpg,114.8,0.3996,0.3272,0.3333,0.68,5,2,False,False
89,frame_0275.jpg,110.0,0.3994,0.4188,0.5,0.2,5,3,False,False
90,frame_0119.jpg,47.6,0.3951,0.3983,0.3333,0.48,4,2,False,False
91,frame_0313.jpg,125.2,0.3911,0.5662,0.3333,0.04,2,2,False,False
92,frame_0330.jpg,132.0,0.3911,0.4663,0.5,0.04,8,3,False,False
93,frame_0174.jpg,69.6,0.3902,0.4524,0.3333,0.32,4,2,False,False
94,frame_0320.jpg,128.0,0.3892,0.4824,0.3333,0.24,4,2,False,False
95,frame_0095.jpg,38.0,0.3878,0.4115,0.5,0.16,6,3,False,False
96,frame_0207.jpg,82.8,0.3858,0.2517,0.3333,0.8,3,2,False,False
97,frame_0170.jpg,68.0,0.3829,0.3739,0.3333,0.48,3,2,False,False
98,frame_0183.jpg,73.2,0.3823,0.4486,0.5,0.04,5,3,False,False
99,frame_0286.jpg,114.4,0.3818,0.3076,0.3333,0.64,5,2,False,False
100,frame_0026.jpg,10.4,0.3788,0.2576,0.1667,1.0,3,1,False,False
101,frame_0120.jpg,48.0,0.3767,0.3454,0.3333,0.52,4,2,False,False
102,frame_0091.jpg,36.4,0.3757,0.4234,0.3333,0.32,3,2,False,False
103,frame_0317.jpg,126.8,0.3737,0.3673,0.5,0.2,7,3,False,False
104,frame_0103.jpg,41.2,0.3729,0.4818,0.3333,0.16,4,2,False,False
105,frame_0305.jpg,122.0,0.3709,0.4298,0.3333,0.28,4,2,False,False
106,frame_0132.jpg,52.8,0.3703,0.2405,0.1667,1.0,3,1,False,False
107,frame_0388.jpg,155.2,0.3686,0.3732,0.5,0.16,8,3,False,False
108,frame_0327.jpg,130.8,0.3684,0.4208,0.5,0.04,7,3,False,False
109,frame_0393.jpg,157.2,0.3667,0.4174,0.5,0.04,5,3,False,False
110,frame_0386.jpg,154.4,0.3664,0.3367,0.5,0.24,7,3,False,False
111,frame_0009.jpg,3.6,0.3653,0.2306,0.1667,1.0,2,1,False,False
112,frame_0015.jpg,6.0,0.3652,0.2304,0.1667,1.0,4,1,False,False
113,frame_0106.jpg,42.4,0.3644,0.4129,0.5,0.04,6,3,False,False
114,frame_0373.jpg,149.2,0.3644,0.3648,0.5,0.16,7,3,False,False
115,frame_0194.jpg,77.6,0.3641,0.4163,0.3333,0.28,2,2,False,False
116,frame_0115.jpg,46.0,0.3604,0.2928,0.5,0.32,7,3,False,False
117,frame_0231.jpg,92.4,0.3601,0.3562,0.5,0.16,8,3,False,False
118,frame_0105.jpg,42.0,0.3579,0.3837,0.5,0.08,6,3,False,False
119,frame_0005.jpg,2.0,0.3552,0.2104,0.1667,1.0,4,1,False,False
120,frame_0068.jpg,27.2,0.3546,0.2092,0.1667,1.0,5,1,False,False
121,frame_0215.jpg,86.0,0.3545,0.3171,0.3333,0.48,3,2,False,False
122,frame_0383.jpg,153.2,0.3527,0.3574,0.5,0.12,5,3,False,False
123,frame_0390.jpg,156.0,0.3521,0.3722,0.5,0.08,5,3,False,False
124,frame_0230.jpg,92.0,0.3508,0.3535,0.5,0.12,10,3,False,False
125,frame_0276.jpg,110.4,0.35,0.3041,0.5,0.24,6,3,False,False
126,frame_0374.jpg,149.6,0.3482,0.4165,0.3333,0.2,6,2,False,False
127,frame_0332.jpg,132.8,0.3469,0.4778,0.3333,0.04,5,2,False,False
128,frame_0125.jpg,50.0,0.3466,0.3052,0.1667,0.72,5,1,False,False
129,frame_0096.jpg,38.4,0.3448,0.3416,0.5,0.12,7,3,False,False
130,frame_0079.jpg,31.6,0.3431,0.2661,0.1667,0.8,6,1,False,False
131,frame_0027.jpg,10.8,0.3424,0.1848,0.1667,1.0,4,1,False,False
132,frame_0301.jpg,120.4,0.3424,0.3089,0.3333,0.44,6,2,False,False
133,frame_0300.jpg,120.0,0.3418,0.2916,0.3333,0.48,5,2,False,False
134,frame_0299.jpg,119.6,0.3414,0.3748,0.1667,0.52,6,1,False,False
135,frame_0113.jpg,45.2,0.3395,0.283,0.5,0.24,5,3,False,False
136,frame_0329.jpg,131.6,0.3391,0.3461,0.5,0.08,7,3,False,False
137,frame_0283.jpg,113.2,0.3385,0.2691,0.3333,0.52,5,2,False,False
138,frame_0192.jpg,76.8,0.3361,0.3922,0.3333,0.2,4,2,False,False
139,frame_0274.jpg,109.6,0.3357,0.3073,0.5,0.16,6,3,False,False
140,frame_0211.jpg,84.4,0.3348,0.3136,0.1667,0.64,4,1,False,False
141,frame_0117.jpg,46.8,0.3344,0.3088,0.3333,0.4,6,2,False,False
142,frame_0368.jpg,147.2,0.3297,0.3434,0.5,0.04,6,3,False,False
143,frame_0384.jpg,153.6,0.3286,0.3933,0.3333,0.16,5,2,False,False
144,frame_0208.jpg,83.2,0.3285,0.253,0.1667,0.76,3,1,False,False
145,frame_0012.jpg,4.8,0.3265,0.2529,0.0,1.0,2,0,False,False
146,frame_0268.jpg,107.2,0.3264,0.4208,0.3333,0.08,4,2,False,False
147,frame_0080.jpg,32.0,0.326,0.2479,0.1667,0.76,6,1,False,False
148,frame_0089.jpg,35.6,0.3242,0.2885,0.3333,0.4,5,2,False,False
149,frame_0303.jpg,121.2,0.3219,0.3997,0.1667,0.36,4,1,False,False
150,frame_0396.jpg,158.4,0.3196,0.3752,0.3333,0.16,6,2,False,False
151,frame_0277.jpg,110.8,0.3193,0.3266,0.3333,0.28,5,2,False,False
152,frame_0306.jpg,122.4,0.3186,0.3412,0.3333,0.24,6,2,False,False
153,frame_0399.jpg,159.6,0.3179,0.3239,0.3333,0.28,6,2,False,False
154,frame_0220.jpg,88.0,0.3173,0.3226,0.3333,0.28,3,2,False,False
155,frame_0379.jpg,151.6,0.3165,0.3171,0.5,0.04,6,3,False,False
156,frame_0296.jpg,118.4,0.3157,0.2753,0.1667,0.64,4,1,False,False
157,frame_0094.jpg,37.6,0.3155,0.351,0.3333,0.2,4,2,False,False
158,frame_0081.jpg,32.4,0.3148,0.2416,0.1667,0.72,5,1,False,False
159,frame_0315.jpg,126.0,0.3141,0.3802,0.3333,0.12,7,2,False,False
160,frame_0372.jpg,148.8,0.314,0.3801,0.3333,0.12,3,2,False,False
161,frame_0281.jpg,112.4,0.3134,0.3508,0.1667,0.44,3,1,False,False
162,frame_0214.jpg,85.6,0.3128,0.3175,0.1667,0.52,3,1,False,False
163,frame_0082.jpg,32.8,0.3106,0.2492,0.1667,0.68,3,1,False,False
164,frame_0395.jpg,158.0,0.3076,0.3672,0.3333,0.12,6,2,False,False
165,frame_0085.jpg,34.0,0.3064,0.2887,0.1667,0.56,4,1,False,False
166,frame_0202.jpg,80.8,0.3047,0.2693,0.1667,0.6,5,1,False,False
167,frame_0271.jpg,108.4,0.3034,0.4908,0.1667,0.04,2,1,False,False
168,frame_0389.jpg,155.6,0.3028,0.3576,0.3333,0.12,6,2,False,False
169,frame_0316.jpg,126.4,0.3005,0.337,0.3333,0.16,7,2,False,False
170,frame_0010.jpg,4.0,0.2974,0.1947,0.0,1.0,3,0,False,False
171,frame_0020.jpg,8.0,0.294,0.188,0.0,1.0,2,0,False,False
172,frame_0084.jpg,33.6,0.2886,0.2371,0.1667,0.6,3,1,False,False
173,frame_0394.jpg,157.6,0.2883,0.3447,0.3333,0.08,7,2,False,False
174,frame_0181.jpg,72.4,0.2882,0.3605,0.3333,0.04,3,2,False,False
175,frame_0226.jpg,90.4,0.2864,0.3569,0.3333,0.04,4,2,False,False
176,frame_0175.jpg,70.0,0.2844,0.2568,0.3333,0.28,5,2,False,False
177,frame_0090.jpg,36.0,0.282,0.3199,0.1667,0.36,5,1,False,False
178,frame_0197.jpg,78.8,0.2813,0.3026,0.1667,0.4,1,1,False,False
179,frame_0086.jpg,34.4,0.2782,0.2483,0.1667,0.52,4,1,False,False
180,frame_0322.jpg,128.8,0.2782,0.2925,0.3333,0.16,5,2,False,False
181,frame_0191.jpg,76.4,0.2763,0.2887,0.3333,0.16,3,2,False,False
182,frame_0112.jpg,44.8,0.2759,0.2718,0.3333,0.2,5,2,False,False
183,frame_0021.jpg,8.4,0.2745,0.1489,0.0,1.0,5,0,False,False
184,frame_0022.jpg,8.8,0.2745,0.149,0.0,1.0,4,0,False,False
185,frame_0193.jpg,77.2,0.2735,0.251,0.3333,0.24,7,2,False,False
186,frame_0304.jpg,121.6,0.2728,0.3176,0.1667,0.32,4,1,False,False
187,frame_0233.jpg,93.2,0.2681,0.4401,0.0,0.24,3,0,False,False
188,frame_0222.jpg,88.8,0.2642,0.2485,0.3333,0.2,4,2,False,False
189,frame_0279.jpg,111.6,0.2634,0.2828,0.1667,0.36,5,1,False,False
190,frame_0225.jpg,90.0,0.2616,0.2912,0.3333,0.08,5,2,False,False
191,frame_0097.jpg,38.8,0.2581,0.2842,0.3333,0.08,4,2,False,False
192,frame_0118.jpg,47.2,0.2575,0.239,0.1667,0.44,2,1,False,False
193,frame_0179.jpg,71.6,0.2542,0.2604,0.3333,0.12,8,2,False,False
194,frame_0382.jpg,152.8,0.254,0.276,0.3333,0.08,6,2,False,False
195,frame_0186.jpg,74.4,0.2538,0.2916,0.3333,0.04,7,2,False,False
196,frame_0314.jpg,125.6,0.2538,0.2757,0.3333,0.08,6,2,False,False
197,frame_0212.jpg,84.8,0.253,0.266,0.0,0.6,1,0,False,False
198,frame_0196.jpg,78.4,0.2527,0.2613,0.1667,0.36,2,1,False,False
199,frame_0391.jpg,156.4,0.2522,0.2884,0.3333,0.04,6,2,False,False
200,frame_0188.jpg,75.2,0.2483,0.2806,0.3333,0.04,6,2,False,False
201,frame_0098.jpg,39.2,0.2469,0.2778,0.3333,0.04,4,2,False,False
202,frame_0318.jpg,127.2,0.2458,0.2956,0.1667,0.24,6,1,False,False
203,frame_0319.jpg,127.6,0.2446,0.2772,0.1667,0.28,3,1,False,False
204,frame_0385.jpg,154.0,0.2442,0.3084,0.1667,0.2,4,1,False,False
205,frame_0302.jpg,120.8,0.2424,0.2248,0.1667,0.4,5,1,False,False
206,frame_0269.jpg,107.6,0.2414,0.3668,0.1667,0.04,5,1,False,False
207,frame_0398.jpg,159.2,0.2409,0.2858,0.1667,0.24,7,1,False,False
208,frame_0108.jpg,43.2,0.2402,0.2644,0.3333,0.04,4,2,False,False
209,frame_0088.jpg,35.2,0.239,0.202,0.1667,0.44,6,1,False,False
210,frame_0216.jpg,86.4,0.2383,0.2006,0.1667,0.44,4,1,False,False
211,frame_0205.jpg,82.0,0.2374,0.1869,0.0,0.72,3,0,False,False
212,frame_0199.jpg,79.6,0.2363,0.2806,0.0,0.48,1,0,False,False
213,frame_0324.jpg,129.6,0.2354,0.3387,0.1667,0.08,4,1,False,False
214,frame_0219.jpg,87.6,0.2353,0.2425,0.1667,0.32,3,1,False,False
215,frame_0223.jpg,89.2,0.2342,0.3044,0.1667,0.16,4,1,False,False
216,frame_0218.jpg,87.2,0.2304,0.2168,0.1667,0.36,3,1,False,False
217,frame_0092.jpg,36.8,0.2271,0.2421,0.1667,0.28,3,1,False,False
218,frame_0217.jpg,86.8,0.2233,0.1865,0.1667,0.4,4,1,False,False
219,frame_0204.jpg,81.6,0.2212,0.1703,0.0,0.68,3,0,False,False
220,frame_0184.jpg,73.6,0.2206,0.3092,0.1667,0.08,5,1,False,False
221,frame_0213.jpg,85.2,0.2168,0.2096,0.0,0.56,4,0,False,False
222,frame_0172.jpg,68.8,0.2166,0.1731,0.1667,0.4,5,1,False,False
223,frame_0272.jpg,108.8,0.2135,0.2949,0.1667,0.08,3,1,False,False
224,frame_0203.jpg,81.2,0.2124,0.1689,0.0,0.64,3,0,False,False
225,frame_0273.jpg,109.2,0.2113,0.2746,0.1667,0.12,6,1,False,False
226,frame_0102.jpg,40.8,0.2109,0.2737,0.1667,0.12,3,1,False,False
227,frame_0169.jpg,67.6,0.2095,0.2109,0.0,0.52,3,0,False,False
228,frame_0093.jpg,37.2,0.2044,0.2127,0.1667,0.24,6,1,False,False
229,frame_0200.jpg,80.0,0.2,0.192,0.0,0.52,2,0,False,False
230,frame_0201.jpg,80.4,0.1987,0.1733,0.0,0.56,3,0,False,False
231,frame_0232.jpg,92.8,0.1963,0.3126,0.0,0.2,5,0,False,False
232,frame_0323.jpg,129.2,0.1932,0.2383,0.1667,0.12,4,1,False,False
233,frame_0307.jpg,122.8,0.1927,0.3054,0.0,0.2,5,0,False,False
234,frame_0100.jpg,40.0,0.1822,0.2483,0.1667,0.04,3,1,False,False
235,frame_0371.jpg,148.4,0.1812,0.2304,0.1667,0.08,5,1,False,False
236,frame_0228.jpg,91.2,0.178,0.24,0.1667,0.04,4,1,False,False
237,frame_0311.jpg,124.4,0.1751,0.2342,0.1667,0.04,5,1,False,False
238,frame_0189.jpg,75.6,0.1747,0.2173,0.1667,0.08,4,1,False,False
239,frame_0370.jpg,148.0,0.1743,0.2326,0.1667,0.04,5,1,False,False
240,frame_0171.jpg,68.4,0.1736,0.1711,0.0,0.44,3,0,False,False
241,frame_0309.jpg,123.6,0.1697,0.1913,0.1667,0.12,3,1,False,False
242,frame_0195.jpg,78.0,0.1658,0.2036,0.0,0.32,3,0,False,False
243,frame_0325.jpg,130.0,0.1653,0.2145,0.1667,0.04,4,1,False,False
244,frame_0221.jpg,88.4,0.1521,0.2081,0.0,0.24,2,0,False,False
245,frame_0104.jpg,41.6,0.14,0.232,0.0,0.12,2,0,False,False
246,frame_0378.jpg,151.2,0.138,0.244,0.0,0.08,8,0,False,False
247,frame_0185.jpg,74.0,0.1308,0.2295,0.0,0.08,7,0,False,False
248,frame_0110.jpg,44.0,0.1238,0.1997,0.0,0.12,2,0,False,False
249,frame_0308.jpg,123.2,0.1236,0.1832,0.0,0.16,5,0,False,False
250,frame_0267.jpg,106.8,0.1227,0.1974,0.0,0.12,5,0,False,False
251,frame_0101.jpg,40.4,0.1187,0.2053,0.0,0.08,3,0,False,False
252,frame_0190.jpg,76.0,0.1137,0.1794,0.0,0.12,3,0,False,False
253,frame_0109.jpg,43.6,0.1079,0.1837,0.0,0.08,3,0,False,False
254,frame_0180.jpg,72.0,0.1051,0.1782,0.0,0.08,4,0,False,False
255,frame_0381.jpg,152.4,0.0927,0.1695,0.0,0.04,6,0,False,False
256,frame_0310.jpg,124.0,0.0924,0.1528,0.0,0.08,2,0,False,False
